{
    "maxSpatialDistance": 1000.0,
    "maxTemporalDistance": 20,
    "temporalUnit": "MONTHS",
    "estimationTime": 2077,
    "simulationTime": 1980,
    "numPartitions": 13,
    "kest": [
        0.0,
        20405.508765004808,
        21050.90324254078,
        21698.20177307718,
        22581.57371656531,
        23641.777916626477,
        24860.742170966598,
        26127.953213128407,
        27445.459344835603,
        28995.66978833042,
        30483.672789672346,
        32139.87265921382,
        33722.83772397507,
        35473.13098819045,
        37357.919064817186,
        39061.00790174374,
        40869.468567262746,
        42658.388774341765,
        44334.98007523016,
        45991.312186789015,
        47897.539795853976
    ],
    "kmin": [
        0.0,
        21008.8239032239,
        21958.200838078905,
        22718.75292531598,
        23846.432448565523,
        25231.95903457543,
        26632.87178422594,
        28166.280458031866,
        29709.66270980505,
        31583.232230726702,
        33213.94479197327,
        35040.669570281236,
        36852.79071378069,
        38667.946632058396,
        41159.5589710616,
        42886.290254460626,
        45084.889245137034,
        47010.486836378026,
        48821.16357885962,
        50528.40536076631,
        52755.28994278126
    ],
    "kmax": [
        0.0,
        23897.87344783158,
        24637.998017779115,
        25431.23233418643,
        26448.07316374315,
        27893.81884070043,
        29037.57425138895,
        30486.242115220917,
        31900.3906880505,
        33737.0581394623,
        35333.70430974465,
        37222.96394175663,
        39055.844294398375,
        40903.2625414102,
        43450.64470847319,
        45204.624900793046,
        47491.01010449317,
        49482.10459627701,
        51381.358449940235,
        53117.72185740988,
        55543.634520586675
    ]
}