{
    "maxSpatialDistance": 100.0,
    "maxTemporalDistance": 20,
    "temporalUnit": "MONTHS",
    "estimationTime": 3012,
    "simulationTime": 1934,
    "numPartitions": 21,
    "kmin": [
        0.0,
        28452.149012650923,
        28457.225397360893,
        28462.690592045616,
        28487.23401028349,
        28500.781036881403,
        28510.79268319813,
        28521.970312256595,
        28558.80698891205,
        28588.819308679325,
        28616.4502301544,
        28638.72248998503,
        28677.563488891003,
        28709.99586792546,
        28727.509543344542,
        28749.27015029467,
        28768.036516391854,
        28793.74878274123,
        28816.46500383677,
        28845.20423758755,
        28905.895706106716
    ],
    "kest": [
        0.0,
        19897.32273797074,
        19915.88907143064,
        19946.55958733386,
        19982.939624911476,
        20055.250987598574,
        20085.462618375772,
        20246.60759057794,
        20314.018236993234,
        20367.67415518587,
        20405.508765004808,
        20449.975825014913,
        20514.247138787086,
        20558.60999734401,
        20609.159966165596,
        20659.920375559377,
        20722.709865366658,
        20809.358105328007,
        20885.664608833136,
        20977.747620146187,
        21050.90324254078
    ],
    "kmax": [
        0.0,
        34385.10680701748,
        34390.069429799485,
        34395.245652171434,
        34407.23540121756,
        34419.43303916781,
        34426.650042047106,
        34437.8606142623,
        34457.16218974737,
        34469.648729210734,
        34478.89047296235,
        34483.166025404054,
        34499.942997197126,
        34517.24477629615,
        34525.812733454826,
        34531.25428289282,
        34549.27914364083,
        34567.396190877764,
        34607.725333644994,
        34623.436711516755,
        34639.45739055698
    ]
}