{
    "maxSpatialDistance": 40.0,
    "maxTemporalDistance": 20,
    "temporalUnit": "MONTHS",
    "estimationTime": 3018,
    "simulationTime": 1903,
    "numPartitions": 18,
    "kest": [
        0.0,
        19824.38408733841,
        19895.328190668148,
        19899.691065209903,
        19906.29642422887,
        19915.88907143064,
        19925.8486049189,
        19934.494027884975,
        19955.81938772161,
        19978.048898669742,
        19982.939624911476,
        20017.588193922176,
        20047.716778503927,
        20063.52318983797,
        20074.682368742662,
        20085.462618375772,
        20142.258261185416,
        20242.097481915454,
        20251.11620266023,
        20270.58551283757,
        20314.018236993234
    ],
    "kmin": [
        0.0,
        28590.522363345513,
        28590.606537332184,
        28592.513954170605,
        28603.144283143483,
        28613.11841445318,
        28626.079038039585,
        28645.270716287887,
        28656.00418594489,
        28660.8882986271,
        28668.36748508798,
        28686.094925656576,
        28695.12081035302,
        28704.401745704814,
        28714.58536627066,
        28724.8933548799,
        28751.24645681033,
        28769.684788008468,
        28778.027781604655,
        28786.36706384408,
        28805.16363519005
    ],
    "kmax": [
        0.0,
        34015.166886862564,
        34015.5756353235,
        34017.29791115425,
        34022.19399315055,
        34024.68116896247,
        34033.73242065,
        34046.82635409673,
        34057.727457989226,
        34068.29586949163,
        34076.23802465714,
        34089.96474511425,
        34094.07873421966,
        34104.84906981379,
        34114.30556060304,
        34123.64915371943,
        34138.00347271877,
        34148.75440975477,
        34155.68812972748,
        34163.05513379802,
        34177.27794302087
    ]
}