{
    "maxSpatialDistance": 20.0,
    "maxTemporalDistance": 20,
    "temporalUnit": "MONTHS",
    "estimationTime": 2788,
    "simulationTime": 1657,
    "numPartitions": 16,
    "kest": [
        0.0,
        17822.072021585776,
        19824.38408733841,
        19894.269177967653,
        19895.328190668148,
        19897.32273797074,
        19899.691065209903,
        19901.68465544633,
        19906.29642422887,
        19911.84148978435,
        19915.88907143064,
        19920.495996262034,
        19925.8486049189,
        19928.584488217086,
        19934.494027884975,
        19946.55958733386,
        19955.81938772161,
        19969.919685967347,
        19978.048898669742,
        19980.960142745957,
        19982.939624911476
    ],
    "kmax": [
        0.0,
        12076.943135724376,
        13374.15651043504,
        13384.498636480686,
        13388.783706324992,
        13400.292665491488,
        13409.846703534735,
        13419.115032004085,
        13434.749702970259,
        13450.36381486168,
        13462.916808378592,
        13466.339323913948,
        13469.207834891531,
        13472.627631444067,
        13486.533762250237,
        13493.532117972973,
        13502.454527673195,
        13512.195592770233,
        13513.122573727773,
        13512.122573727773,
        13517.452151327589
    ],
    "kmin": [
        0.0,
        10368.21143658138,
        11619.709456411732,
        11652.951267366807,
        11661.533734436687,
        11675.530460692247,
        11690.14487204403,
        11700.28527272231,
        11714.546320496305,
        11729.422147216617,
        11746.17762067075,
        11754.678459434892,
        11756.527215392136,
        11756.476647482266,
        11764.334323106877,
        11772.185342486333,
        11791.075876711837,
        11800.481366885506,
        11808.30308794482,
        11812.970721108277,
        11822.668849918107
    ]
}